prompt_id,source,category,prompt_text
SQUAD_001,squad_v1,factual,What is the oldest Presbyterian church in Richmond?
SQUAD_002,squad_v1,factual,Who is the CCO of Sony Music?
SQUAD_003,squad_v1,factual,When were late Paleolithic communities established along the lake shores?
SQUAD_004,squad_v1,factual,Who eventually defeated the Arabs at Rajasthan?
SQUAD_005,squad_v1,factual,What part of a polychaete can be everted?
SQUAD_006,squad_v1,factual,When was The Shevchenko Ukrainian Language Society made official?
SQUAD_007,squad_v1,factual,What continent fractured off Gondwana in the direction of Laurentia?
SQUAD_008,squad_v1,factual,What is Mr. Hinx's job?
SQUAD_009,squad_v1,factual,What is a reason why the water from a water stabilisation pond may be unusable?
SQUAD_010,squad_v1,factual,What was different about swedish progressive house music?
SQUAD_011,squad_v1,factual,What does the centrifugal switch do the capacitor when the rotor achieves operating speed?
SQUAD_012,squad_v1,factual,What people resulted from the Spaniards intermarrying with Pipll and Lenca women?
SQUAD_013,squad_v1,factual,Who stepped up after 2011?
SQUAD_014,squad_v1,factual,Who helped IBM develop the Playstation 3 microprocessor?
SQUAD_015,squad_v1,factual,What formal subclass classification were flowering plants given in 2009?
SQUAD_016,squad_v1,factual,What is a typical argument in favor of affirmative action?
SQUAD_017,squad_v1,factual,Where are the high altitude bands of clouds on Neptune?
SQUAD_018,squad_v1,factual,What was Victoria's unofficial title?
SQUAD_019,squad_v1,factual,Who went down in history as Yugoslavia's first lady?
SQUAD_020,squad_v1,factual,What percent of all websites are in English?
SQUAD_021,squad_v1,factual,What is the name of the first synthetic dye discovered?
SQUAD_022,squad_v1,factual,What piece of Chopin's work was dedicated to Schumann?
SQUAD_023,squad_v1,factual,What ranking does Burma hold for the number of troops currently serving on active military duty ?
SQUAD_024,squad_v1,factual,Who sells the newspaper Real Change on the street?
SQUAD_025,squad_v1,factual,What was a classic title originally offered by the Xbox Live Arcade?
SQUAD_026,squad_v1,factual,What was the rank of the pilot of the downed U-2?
SQUAD_027,squad_v1,factual,What term in higher education refers to technical universities that award engineering degrees?
SQUAD_028,squad_v1,factual,What was general Amer's political affiliation?
SQUAD_029,squad_v1,factual,Where are quanzhou and Zhangzhou located?
SQUAD_030,squad_v1,factual,When was the first Spanish department store opened?
SQUAD_031,squad_v1,factual,Who created the CTAG?
SQUAD_032,squad_v1,factual,What is it easier to do regarding God?
SQUAD_033,squad_v1,factual,What items are discussed at party retreats?
SQUAD_034,squad_v1,factual,What executive order directs agencies to declassify documents before sending them to NARA?
SQUAD_035,squad_v1,factual,Who is a notable bodybuilder from Hyderabad?
SQUAD_036,squad_v1,factual,What is the 2nd-largest company in Oklahoma?
SQUAD_037,squad_v1,factual,"What is the legal name of the ""Stupid Motorist Law""?"
SQUAD_038,squad_v1,factual,Who was Jim Foster's employer prior to his founding the Arena Football League?
SQUAD_039,squad_v1,factual,What was the city attacked by in 1943?
SQUAD_040,squad_v1,factual,What had Prince Rastislav requested?
SQUAD_041,squad_v1,factual,What gun is used in the Dutch Goalkeeper CIWS?
SQUAD_042,squad_v1,factual,What was another name for Richmond's Jackson Ward?
SQUAD_043,squad_v1,factual,What thus is the level of economic incentive and benefit?
SQUAD_044,squad_v1,factual,What was William James' nationality?
SQUAD_045,squad_v1,factual,When did gag single-panel illustrations become known as cartoons?
SQUAD_046,squad_v1,factual,When did GE cease production of the tantalum light filament?
SQUAD_047,squad_v1,factual,Who made up a majority of the people on the frontier?
SQUAD_048,squad_v1,factual,What did earning the ijazat al-tadris award students?
SQUAD_049,squad_v1,factual,When were most of the Alpine fourthousanders climber?
SQUAD_050,squad_v1,factual,Who founded the Gelug school?
SQUAD_051,squad_v1,factual,What year was the all-female masonic lodge cast aside?
SQUAD_052,squad_v1,factual,What was the aim of Executive Order 13526?
SQUAD_053,squad_v1,factual,What happened to China after the 20th century revolutions?
SQUAD_054,squad_v1,factual,Who said that Carrie had not paid her dues to win that award?
SQUAD_055,squad_v1,factual,Where was the focus of paintings on textures and surfaces?
SQUAD_056,squad_v1,factual,What religion was spread through CAR?
SQUAD_057,squad_v1,factual,What were the original boundaries?
SQUAD_058,squad_v1,factual,What type of chemicals is Iran a leading manufacturer of in the Middle East?
SQUAD_059,squad_v1,factual,Who is the British Queen?
SQUAD_060,squad_v1,factual,"What village protested over the large-scale death of fish in a nearby river on September 15, 2011?"
SQUAD_061,squad_v1,explanatory,How was the frequency response in early recordings?
SQUAD_062,squad_v1,explanatory,Why did Encyclopedias and dictionaries become more popular during the Age of Reason?
SQUAD_063,squad_v1,explanatory,How large in square kilometers is Swaziland?
SQUAD_064,squad_v1,explanatory,How many of the main Mexican airlines are based in Mexico City?
SQUAD_065,squad_v1,explanatory,Why did Greg Dyke of London Weekend Television meet with representatives of the biggest five English football clubs in 1990?
SQUAD_066,squad_v1,explanatory,how many machine guns did the Beaufighter include?
SQUAD_067,squad_v1,explanatory,How many ppm is a safe limit for direct skin exposure to formaldehyde?
SQUAD_068,squad_v1,explanatory,How much of its programming must the BBC obtain from other content producers?
SQUAD_069,squad_v1,explanatory,How many versions of the iPod currently exist?
SQUAD_070,squad_v1,explanatory,How did Frederick respond to the loss of a supply convoy?
SQUAD_071,squad_v1,explanatory,How much of a surplus did The Great Ehibition raise?
SQUAD_072,squad_v1,explanatory,How many US House reps did Oklahoma have after the 2000 census?
SQUAD_073,squad_v1,explanatory,How many dialects are in the eastern group?
SQUAD_074,squad_v1,explanatory,How did critics characterize Kennedy in comparison to Eisenhower?
SQUAD_075,squad_v1,explanatory,How fast do the observation deck elevators travel?
SQUAD_076,squad_v1,explanatory,How many people lived in China at the end of the 20th century?
SQUAD_077,squad_v1,explanatory,How much of Tucson was non-Hispanic Whites in 1970?
SQUAD_078,squad_v1,explanatory,How is the gastric phase stimulated to start?
SQUAD_079,squad_v1,explanatory,How did Hayek believe collectivism could be maintained?
SQUAD_080,squad_v1,explanatory,How long is Portugal's total road network?
SQUAD_081,squad_v1,explanatory,How does Switzerland rank worldwide in areas such as quality of life and civil liberties?
SQUAD_082,squad_v1,explanatory,How old was Bell when he went to Canada?
SQUAD_083,squad_v1,explanatory,How many temples were built in Tell Qaramel?
SQUAD_084,squad_v1,explanatory,How many units of the GameCube version of Twilight Princess had been purchased by the end of March 2007?
SQUAD_085,squad_v1,explanatory,How many major department stores did Baltimore have at the time?
SQUAD_086,squad_v1,explanatory,Why is Bermuda considered an offshore financial center?
SQUAD_087,squad_v1,explanatory,How many people lived in Easy Prussia in 1939?
SQUAD_088,squad_v1,explanatory,How far back does the foundation of The Old Ferryboat Inn date?
SQUAD_089,squad_v1,explanatory,How do most animals use the energy of sunlight?
SQUAD_090,squad_v1,explanatory,How many public universities are located in Melbourne?
SQUAD_091,squad_v1,explanatory,How much more water do lactating women need to consume in relation to the average woman?
SQUAD_092,squad_v1,explanatory,How many views per day was youtube receiving as of May 2011?
SQUAD_093,squad_v1,explanatory,How long did it take for South Africa to agree to the implantation of Namibia's new name?
SQUAD_094,squad_v1,explanatory,How many miles long is NH-7?
SQUAD_095,squad_v1,explanatory,How many regiments were in the Northern Army?
SQUAD_096,squad_v1,explanatory,How is Paris' climate categorized?
SQUAD_097,squad_v1,explanatory,How many championships have the sports leagues won since 2001?
SQUAD_098,squad_v1,explanatory,How often are European serialized comics in magazines?
SQUAD_099,squad_v1,explanatory,How did early humans locate meat without hunting ?
SQUAD_100,squad_v1,explanatory,"How many times did Sumerian farmers plow, harrow and rake the ground?"
SQUAD_101,squad_v1,explanatory,How many seasons are experienced in the city of Ann Arbor?
SQUAD_102,squad_v1,explanatory,Why are the Mollusca and Annelida considered to be close relatives?
SQUAD_103,squad_v1,explanatory,How many members are there in the Swazi House of Assembly?
SQUAD_104,squad_v1,explanatory,How many reserve soldiers did North Korea have?
SQUAD_105,squad_v1,explanatory,How many cannons did the French capture when Vienna fell?
SQUAD_106,squad_v1,explanatory,How long was Disraeli in office?
SQUAD_107,squad_v1,explanatory,How many children did Pelagija bore for Tito?
SQUAD_108,squad_v1,explanatory,How many hourglasses did Magellan use on each ship during his famous voyage across the globe?
SQUAD_109,squad_v1,explanatory,How many seats did the proposal for the new Everton stadium feature in 2000?
SQUAD_110,squad_v1,explanatory,How many times have KU teams appeared in the National Debate Tournament?
SQUAD_111,squad_v1,explanatory,How much revenue did beer bring in in 2006?
SQUAD_112,squad_v1,explanatory,How did pos-punk give rise to pop?
SQUAD_113,squad_v1,explanatory,How many books on mathematics did Whitehead write?
SQUAD_114,squad_v1,explanatory,How many male workers were present in Plymouth Dock circa 1712?
SQUAD_115,squad_v1,explanatory,How much larger is a dog brain olfactory cortex when compared to humans?
SQUAD_116,squad_v1,explanatory,How many Nobel Prize-winning scientists has Israel produced?
SQUAD_117,squad_v1,explanatory,How much money does the University of Houston attract to Houston a year?
SQUAD_118,squad_v1,explanatory,"How long did a student have to study law, in early Islamic law graduate schools, in order to graduate?"
SQUAD_119,squad_v1,explanatory,How many times could it add or subtract a second?
SQUAD_120,squad_v1,explanatory,How many German bombs hit their target?
SQUAD_121,squad_v1,ambiguous,Precursors of what subset of Scythian are theorized to have existed?
SQUAD_122,squad_v1,ambiguous,Theories that there were invasions which overwhelmed or assimilated previous migrants into the Americas have been what?
SQUAD_123,squad_v1,ambiguous,"Along with the Prospect of Whitby, what pub was Samuel Pepys associated with?"
SQUAD_124,squad_v1,ambiguous,One would be studying how the dynamic of a city is affected if one were looking directly at different what?
SQUAD_125,squad_v1,ambiguous,Did the FBI investigate Martin Luther King Jr.?
SQUAD_126,squad_v1,ambiguous,In what type of applications is piezeoelectricity especially problematic?
SQUAD_127,squad_v1,ambiguous,Downtown Houston consisted of what type of building in the 1960's?
SQUAD_128,squad_v1,ambiguous,The English occupied New York City beginning on what date?
SQUAD_129,squad_v1,ambiguous,Did the UN troops or Chinese troops experience more war casualties?
SQUAD_130,squad_v1,ambiguous,Which contestant drew attention because he was a former stripper?
SQUAD_131,squad_v1,ambiguous,Out of how many of the white fireman got a promotion afterwards?
SQUAD_132,squad_v1,ambiguous,Thomas Hobbes ushered in the new debate of social contract theory through which work of his?
SQUAD_133,squad_v1,ambiguous,"In Ancient India, which vernacular languages existed alongside Sanskrit?"
SQUAD_134,squad_v1,ambiguous,In which year did Imperial University claim the award for being voted the highest in the UK for Job Prospects?
SQUAD_135,squad_v1,ambiguous,Which song by Jay Z talked about the pregnancy struggles?
SQUAD_136,squad_v1,ambiguous,Which ship was the target of Argentinian aggression?
SQUAD_137,squad_v1,ambiguous,To what world organization does Tuvalu belong?
SQUAD_138,squad_v1,ambiguous,In what year did the supreme court determine that delegating powers by congress was unconstitutional?
SQUAD_139,squad_v1,ambiguous,Which channel aired 'Terra Nova'?
SQUAD_140,squad_v1,ambiguous,In what id Jayapala see a danger to his dynasty?
SQUAD_141,squad_v1,ambiguous,"Prior to his schooling, what was the state of Hayek's reading skills?"
SQUAD_142,squad_v1,ambiguous,In what year was Show Boat released?
SQUAD_143,squad_v1,ambiguous,"Other than the Jewish Theological Seminary, which other Seminary touches Seminary Row?"
SQUAD_144,squad_v1,ambiguous,For whom did de Peyster name Ellice's Island?
SQUAD_145,squad_v1,ambiguous,Which street marks the western boundary of the shopping distrit?
SQUAD_146,squad_v1,ambiguous,The version of Twilight Princess fo which console won three IGN awards?
SQUAD_147,squad_v1,ambiguous,"a larger three-byte SPLIT token with a seven-bit hub number, 12 bits of control flags, and a five-bit CRC were created to do what?"
SQUAD_148,squad_v1,ambiguous,Which writer and artist was behind the Sub-Mariner?
SQUAD_149,squad_v1,ambiguous,Which contestants did the judges save on season ten of American Idol?
SQUAD_150,squad_v1,ambiguous,Which part of Detroit has gotten billions in investment around the turn of the millennium?
NQ_001,natural_questions,factual,when did the nebraska state fair move to grand island
NQ_002,natural_questions,factual,who holds the power in an absolute monarchy
NQ_003,natural_questions,factual,who plays the guy in call me maybe
NQ_004,natural_questions,factual,where does season of migration to the north take place
NQ_005,natural_questions,factual,when did blue m and ms come out
NQ_006,natural_questions,factual,what results from the binding of tsh to its receptors
NQ_007,natural_questions,factual,when did to kill a mokingbird take place
NQ_008,natural_questions,factual,who plays jack shephard's son in lost
NQ_009,natural_questions,factual,who wrote i want to talk about me
NQ_010,natural_questions,factual,what does dc stand for in dungeons and dragons
NQ_011,natural_questions,factual,what is the purpose of the ttl field
NQ_012,natural_questions,factual,when is celebrity big brother coming to cbs
NQ_013,natural_questions,factual,what is the sequel to the lion the witch and the wardrobe
NQ_014,natural_questions,factual,who is the voice in the belko experiment
NQ_015,natural_questions,factual,who said psychology is the science of mental life
NQ_016,natural_questions,factual,when did malaysia gain independence from great britain
NQ_017,natural_questions,factual,where do purple martins go for the winter
NQ_018,natural_questions,factual,who played nancy's boyfriend in stranger things
NQ_019,natural_questions,factual,what is the second movie of the pirates of the caribbean
NQ_020,natural_questions,factual,who sang the theme song for the brady bunch
NQ_021,natural_questions,factual,who has the right to vote in indonesia
NQ_022,natural_questions,factual,what is the capacity of earls court in london
NQ_023,natural_questions,factual,who sang the song let the music play
NQ_024,natural_questions,factual,who was the oldest man that lived in the bible
NQ_025,natural_questions,factual,when was the arc of the covenant lost
NQ_026,natural_questions,factual,what does it mean snape is the half blood prince
NQ_027,natural_questions,factual,what is the purpose of comparing bone structures
NQ_028,natural_questions,factual,who played superman's mother in the 1978 movie
NQ_029,natural_questions,factual,where does bile come from when you vomit
NQ_030,natural_questions,factual,when did the verizon guy switched to sprint
NQ_031,natural_questions,factual,what year did the last veteran of the civil war die
NQ_032,natural_questions,factual,when is puss in boots season 6 coming out
NQ_033,natural_questions,factual,where is the london school of economics located
NQ_034,natural_questions,factual,who did france transfer the louisiana territory to after the french and indian war
NQ_035,natural_questions,factual,who is the original singer of running up that hill
NQ_036,natural_questions,factual,where is national open university of nigeria located
NQ_037,natural_questions,factual,who makes the final decision on the blocking of the actors
NQ_038,natural_questions,factual,when was ankara made the capital of turkey
NQ_039,natural_questions,factual,what island is atlantis on in the bahamas
NQ_040,natural_questions,factual,what county is cherry hill new jersey in
NQ_041,natural_questions,factual,when does marvel's infinity war 2 come out
NQ_042,natural_questions,factual,when does the fourth season of the flash come out
NQ_043,natural_questions,factual,when was the sound of music musical written
NQ_044,natural_questions,factual,who does the voice of batman in the lego batman movie
NQ_045,natural_questions,factual,who said when i was a child i spoke as a child
NQ_046,natural_questions,factual,when was imperial bank was changed as sbi
NQ_047,natural_questions,factual,who said a nation divided cannot stand
NQ_048,natural_questions,factual,who is the guy that does the carmax commercials
NQ_049,natural_questions,factual,who ran as a third party candidate in 1992
NQ_050,natural_questions,factual,where does the movie three billboards take place
NQ_051,natural_questions,factual,where do copied items come from in word
NQ_052,natural_questions,factual,who plays nikki on saved by the bell
NQ_053,natural_questions,factual,who sang eagles i can't tell you why
NQ_054,natural_questions,factual,who played the kid in sleepless in seattle
NQ_055,natural_questions,factual,what is the median income in the us
NQ_056,natural_questions,factual,who sings you're welcome in the credits of moana
NQ_057,natural_questions,factual,who played diana in the movie lights out
NQ_058,natural_questions,factual,what was the aim of the cultural revolution
NQ_059,natural_questions,factual,who wrote the song for once in my life
NQ_060,natural_questions,factual,who figured out that the sun is the center of the solar system
NQ_061,natural_questions,factual,who sings the song stroke me stroke me
NQ_062,natural_questions,factual,when will fifty shades freed movie be released
NQ_063,natural_questions,factual,who has won the most world cups as a player
NQ_064,natural_questions,factual,when did the original jaws movie come out
NQ_065,natural_questions,factual,what was the first chain of hamburger resturants in the united states
NQ_066,natural_questions,factual,who played warren in orange is the new black
NQ_067,natural_questions,factual,who sings eagles take it to the limit
NQ_068,natural_questions,factual,when did the first railroad cross the western sierra madre
NQ_069,natural_questions,factual,where do you expect to find articular cartilage
NQ_070,natural_questions,factual,when was the great wall of china done
NQ_071,natural_questions,factual,who wrote please don't take my sunshine away
NQ_072,natural_questions,factual,what types of advantages did steel give to the spanish
NQ_073,natural_questions,factual,what year did beyonce do the super bowl
NQ_074,natural_questions,factual,who plays pat in rise of the footsoldier
NQ_075,natural_questions,factual,who framed elsa in once upon a time
NQ_076,natural_questions,factual,where do they play the red river rivalry
NQ_077,natural_questions,factual,where did the second seminole war take place
NQ_078,natural_questions,factual,who was the first president of ivory coast
NQ_079,natural_questions,factual,when did jane austen wrote pride and prejudice
NQ_080,natural_questions,factual,when does madden 18 come out on xbox 360
NQ_081,natural_questions,factual,who sang the song you'll never walk alone in 1963
NQ_082,natural_questions,factual,when did the big ten championship game start
NQ_083,natural_questions,factual,when did the star spangle banner become the national anthem
NQ_084,natural_questions,factual,who voices stoic in how to train your dragon
NQ_085,natural_questions,factual,what is the traditional dividing line between europe and asia
NQ_086,natural_questions,factual,when is halley's comet predicted to be near earth
NQ_087,natural_questions,factual,what organs are in the middle of the chest
NQ_088,natural_questions,factual,what does nitrogen gas do to your body
NQ_089,natural_questions,factual,who sings been through the desert on a horse with no name
NQ_090,natural_questions,factual,where did the term fat cat come from
NQ_091,natural_questions,factual,who plays dr. k in this is us
NQ_092,natural_questions,factual,who takes over for the president if he cannot fulfill his duty
NQ_093,natural_questions,factual,who claimed victory at the battle of bull run
NQ_094,natural_questions,factual,what do you call more than one hypothesis
NQ_095,natural_questions,factual,where was the first house of blues located
NQ_096,natural_questions,factual,when was the final version of the bible created
NQ_097,natural_questions,factual,who was authorised to draw the boundary line in 1947 in india
NQ_098,natural_questions,factual,where did the lasso of truth come from
NQ_099,natural_questions,factual,who played jon arryn in game of thrones
NQ_100,natural_questions,factual,where did they film the first twilight movie
NQ_101,natural_questions,explanatory,how fast can a greyhound run in mph
NQ_102,natural_questions,explanatory,how many chargers used in dukes of hazzard movie
NQ_103,natural_questions,explanatory,how many kings did the mughal empire witness in 1719
NQ_104,natural_questions,explanatory,how many goals did ronaldo score in ucl
NQ_105,natural_questions,explanatory,why is it called tgs on 30 rock
NQ_106,natural_questions,explanatory,how many square feet were the twin towers
NQ_107,natural_questions,explanatory,how many yards in a cfl football field
NQ_108,natural_questions,explanatory,how many books can i upload to google books
NQ_109,natural_questions,explanatory,how many events make up the us pga tour's fedex cup playoffs
NQ_110,natural_questions,explanatory,why do so many medications have hcl in them
NQ_111,natural_questions,explanatory,how many versions of mario kart are there
NQ_112,natural_questions,explanatory,how many nhl team have not won the stanley cup
NQ_113,natural_questions,explanatory,how to calculate the clearance of a drug
NQ_114,natural_questions,explanatory,how many cast members from gone with the wind are still alive
NQ_115,natural_questions,explanatory,how many episodes got season 7 of game of thrones
NQ_116,natural_questions,explanatory,how many times does boondock saints say the f word
NQ_117,natural_questions,explanatory,how much money did the twilight franchise make
NQ_118,natural_questions,explanatory,how many new zealand soldiers died in ww1
NQ_119,natural_questions,explanatory,how many branches of metrobank in the philippines
NQ_120,natural_questions,explanatory,how many animals are at the cleveland zoo
NQ_121,natural_questions,explanatory,how many seasons were there for stargate atlantis
NQ_122,natural_questions,explanatory,how many constituencies are there in lok sabha
NQ_123,natural_questions,explanatory,how many episodes of gossip girl are there altogether
NQ_124,natural_questions,explanatory,how many hours is considered a full-time job
NQ_125,natural_questions,explanatory,why is a crotchet called a quarter note
NQ_126,natural_questions,explanatory,how many keys does a piano have full size
NQ_127,natural_questions,explanatory,how many episodes of our girl season 3
NQ_128,natural_questions,explanatory,why do ping pong paddles have two different sides
NQ_129,natural_questions,explanatory,how do i make the dean's list in college
NQ_130,natural_questions,explanatory,how many countries can i go with british passport
NQ_131,natural_questions,explanatory,how many episodes of happy valley season 2
NQ_132,natural_questions,explanatory,how many times india won olympic gold in hockey
NQ_133,natural_questions,explanatory,how old is scarlett at the beginning of gone with the wind
NQ_134,natural_questions,explanatory,how many senators are there in the philippines
NQ_135,natural_questions,explanatory,how many culver's are there in the united states
NQ_136,natural_questions,explanatory,how much gold does the uk government hold
NQ_137,natural_questions,explanatory,why do cans of guinness have balls in them
NQ_138,natural_questions,explanatory,how did disney get the rights to avatar
NQ_139,natural_questions,explanatory,how are cheques cleared by the banks in india
NQ_140,natural_questions,explanatory,how did the french help america fight the british navy
NQ_141,natural_questions,explanatory,how old do you have to be to serve alcohol in pennsylvania
NQ_142,natural_questions,explanatory,how long do eastern tent caterpillars stay in their cocoons
NQ_143,natural_questions,explanatory,how did america become part of the british empire
NQ_144,natural_questions,explanatory,how long does it take to walk the length of britain
NQ_145,natural_questions,explanatory,how long was the eiffel tower the tallest building in the world
NQ_146,natural_questions,explanatory,how many chapters does the book of ruth have
NQ_147,natural_questions,explanatory,how much did hms victory cost to build
NQ_148,natural_questions,explanatory,how many years until a sea turtle comes back to lay eggs
NQ_149,natural_questions,explanatory,why is the birth of modern science called a revolution
NQ_150,natural_questions,explanatory,how many game of thrones books will there be
